Sales.Business.Group,Sales.Category,BP_Description,BP,Cluster.Code,Channel,end_TDP,start_TDP,last_Sales,Length,Variance,Intermittency,non_zero_past_year,zero_past_year,Total_shipments,Total_shipments_last_6_month,Total_shipments_last_12_month,Total_shipments_2017,Total_shipments_2018,Total_shipments_2019,Total_shipments_2020,Raw_BP,count_BP,Raw_Keys,count_Keys,Cons,Seasonal_Tagging,Scope,Key,Category,Sales,Sales_RPM,Sales_Primary_Cases,Rank_units,Rank_RPM,Rank_Cases,Sales_units_contri,Sales_RPM_contri,Sales_Cases_contri
BEVG : BEVERAGES,CC : CONVENTIONAL COFFEE,65099 : BRU R& G POLY 100G,65099,CL01,GT,202309,201702,202309,224,19964.19491351624,0.0,37,0,1.9639032461348392E7,1475377.0,2959267.0,3231271.9841003437,3058407.9818725577,2889964.992523194,3180534.502852291,10,10.0,95.0,95.0,1,Non Seasonal,Inscope,65099_CL01_GT,Coffee,7733298.0,773329.8,64444.593,7,7,12,0.0024185377537537626,0.04817468043147593,0.019881116380209406
BEVG : BEVERAGES,CC : CONVENTIONAL COFFEE,65099 : BRU R& G POLY 100G,65099,CL01,OH,202309,201724,202309,202,265.0752463678355,0.08108108108108109,34,3,79531.55132133284,8880.0,16918.0,239.999994635582,8160.00010818243,13080.000055730343,17878.023074308425,10,10.0,95.0,95.0,1,Non Seasonal,Inscope,65099_CL01_OH,Coffee,7733298.0,773329.8,64444.593,7,7,12,0.0024185377537537626,0.04817468043147593,0.019881116380209406
BEVG : BEVERAGES,CC : CONVENTIONAL COFFEE,65099 : BRU R& G POLY 100G,65099,CL02,GT,202309,201702,202309,224,9079.858973313152,0.0,37,0,5687220.041530328,522920.0,959834.0,926258.0,805185.0,769643.0,798805.1183570264,10,10.0,95.0,95.0,1,Non Seasonal,Inscope,65099_CL02_GT,Coffee,7733298.0,773329.8,64444.593,7,7,12,0.0024185377537537626,0.04817468043147593,0.019881116380209406
BEVG : BEVERAGES,CC : CONVENTIONAL COFFEE,65099 : BRU R& G POLY 100G,65099,CL03,GT,202309,201702,202309,224,7957.789083812698,0.0,37,0,6113680.533197514,390396.0,756338.0,1118979.999542236,980334.0029716492,948058.9997406005,1062786.530943028,10,10.0,95.0,95.0,1,Non Seasonal,Inscope,65099_CL03_GT,Coffee,7733298.0,773329.8,64444.593,7,7,12,0.0024185377537537626,0.04817468043147593,0.019881116380209406
BEVG : BEVERAGES,CC : CONVENTIONAL COFFEE,65099 : BRU R& G POLY 100G,65099,CL03,OH,202309,201736,202306,190,42.26116642644383,0.8108108108108109,7,30,2081.3945893745145,120.0,1320.0,119.999997317791,119.999997317791,0.0,9.010091645259072,10,10.0,95.0,95.0,0,Non Seasonal,"More than 70% Intermittent, <=3 consecutive points",65099_CL03_OH,Coffee,7733298.0,773329.8,64444.593,7,7,12,0.0024185377537537626,0.04817468043147593,0.019881116380209406
BEVG : BEVERAGES,CC : CONVENTIONAL COFFEE,65099 : BRU R& G POLY 100G,65099,CL15,GT,202309,201702,202309,224,19871.110938973838,0.0,37,0,1.752284036204221E7,1487300.0,3039621.0,2387078.0,2458833.0,2534752.0,3024893.362042214,10,10.0,95.0,95.0,1,Non Seasonal,Inscope,65099_CL15_GT,Coffee,7733298.0,773329.8,64444.593,7,7,12,0.0024185377537537626,0.04817468043147593,0.019881116380209406
BEVG : BEVERAGES,CC : CONVENTIONAL COFFEE,65099 : BRU R& G POLY 100G,65099,CL15,OH,202309,201712,202027,214,8.20303112429596,1.0,0,37,120.0,0.0,0.0,120.0,0.0,0.0,5.204170427930414E-17,10,10.0,95.0,95.0,0,Non Seasonal,Last 12 Months 0 Sales,65099_CL15_OH,Coffee,7733298.0,773329.8,64444.593,7,7,12,0.0024185377537537626,0.04817468043147593,0.019881116380209406
BEVG : BEVERAGES,CC : CONVENTIONAL COFFEE,65100 : BRU R& G POLY 200G,65100,CL01,GT,202309,201702,202309,224,8767.720778615467,0.0,37,0,7938346.09399535,530254.0,1060935.0,1452769.006729126,1439371.0079193115,1303231.0055084229,1166726.0738384905,10,10.0,95.0,95.0,1,Non Seasonal,Inscope,65100_CL01_GT,Coffee,3061882.0,612376.4,51030.924,13,10,15,9.575833253211085E-4,0.03814806745295173,0.015743007936036175
BEVG : BEVERAGES,CC : CONVENTIONAL COFFEE,65100 : BRU R& G POLY 200G,65100,CL01,OH,202309,201702,202309,224,1041.6148999955685,0.5405405405405406,17,20,92513.9532651484,1380.0,2272.0,48539.99970480801,12000.00016763806,13258.000099509947,12020.895467162863,10,10.0,95.0,95.0,0,Non Seasonal,Inscope,65100_CL01_OH,Coffee,3061882.0,612376.4,51030.924,13,10,15,9.575833253211085E-4,0.03814806745295173,0.015743007936036175
BEVG : BEVERAGES,CC : CONVENTIONAL COFFEE,65100 : BRU R& G POLY 200G,65100,CL02,GT,202309,201702,202309,224,4565.453576350416,0.0,37,0,3637070.8993963078,218981.0,427756.0,707310.0,673796.0,591376.0,539289.8993963068,10,10.0,95.0,95.0,1,Non Seasonal,Inscope,65100_CL02_GT,Coffee,3061882.0,612376.4,51030.924,13,10,15,9.575833253211085E-4,0.03814806745295173,0.015743007936036175
BEVG : BEVERAGES,CC : CONVENTIONAL COFFEE,65100 : BRU R& G POLY 200G,65100,CL02,OH,202309,201702,202133,224,578.9220017726254,1.0,0,37,35099.930884111425,0.0,0.0,28560.0,2520.0,1260.0,2459.930884111438,10,10.0,95.0,95.0,0,Non Seasonal,Last 12 Months 0 Sales,65100_CL02_OH,Coffee,3061882.0,612376.4,51030.924,13,10,15,9.575833253211085E-4,0.03814806745295173,0.015743007936036175
BEVG : BEVERAGES,CC : CONVENTIONAL COFFEE,65100 : BRU R& G POLY 200G,65100,CL03,GT,202309,201702,202309,224,11190.86980576499,0.0,37,0,8772740.063622061,467573.0,939771.0,1738413.9938354492,1654972.9957580569,1490243.9993286133,1386327.074699943,10,10.0,95.0,95.0,1,Non Seasonal,Inscope,65100_CL03_GT,Coffee,3061882.0,612376.4,51030.924,13,10,15,9.575833253211085E-4,0.03814806745295173,0.015743007936036175
BEVG : BEVERAGES,CC : CONVENTIONAL COFFEE,65100 : BRU R& G POLY 200G,65100,CL03,OH,202309,201702,202309,224,1481.5260430344422,0.3783783783783784,23,14,156342.052237672,3120.0,5940.0,92279.99974787232,9480.000060051674,13800.000015646227,16002.05241410179,10,10.0,95.0,95.0,1,Non Seasonal,Inscope,65100_CL03_OH,Coffee,3061882.0,612376.4,51030.924,13,10,15,9.575833253211085E-4,0.03814806745295173,0.015743007936036175
BEVG : BEVERAGES,CC : CONVENTIONAL COFFEE,65100 : BRU R& G POLY 200G,65100,CL04,GT,202309,201702,202309,224,389.2702372834406,0.2972972972972973,26,11,52334.54118236526,2993.0,6609.0,5140.000022947788,6419.000020250676,5401.000021338461,14790.433948610476,10,10.0,95.0,95.0,1,Non Seasonal,Inscope,65100_CL04_GT,Coffee,3061882.0,612376.4,51030.924,13,10,15,9.575833253211085E-4,0.03814806745295173,0.015743007936036175
BEVG : BEVERAGES,CC : CONVENTIONAL COFFEE,65100 : BRU R& G POLY 200G,65100,CL04,OH,202309,201703,202118,223,982.9117734419061,1.0,0,37,99518.54988986012,0.0,0.0,39060.00033766034,23700.000025331974,30780.000092387203,5738.549434480628,10,10.0,95.0,95.0,0,Non Seasonal,Last 12 Months 0 Sales,65100_CL04_OH,Coffee,3061882.0,612376.4,51030.924,13,10,15,9.575833253211085E-4,0.03814806745295173,0.015743007936036175
BEVG : BEVERAGES,CC : CONVENTIONAL COFFEE,65100 : BRU R& G POLY 200G,65100,CL05,GT,202309,201702,202309,224,980.4892795031134,0.02702702702702703,36,1,433152.9796234017,47566.0,85155.0,67792.00005531311,59138.000249862656,54810.00002813339,74598.97929009254,10,10.0,95.0,95.0,1,Non Seasonal,Inscope,65100_CL05_GT,Coffee,3061882.0,612376.4,51030.924,13,10,15,9.575833253211085E-4,0.03814806745295173,0.015743007936036175
BEVG : BEVERAGES,CC : CONVENTIONAL COFFEE,65100 : BRU R& G POLY 200G,65100,CL05,OH,202309,201702,202309,224,1369.3022032008103,0.35135135135135137,24,13,154603.37363349606,6180.0,10740.0,78119.99953910706,29340.00002965333,12240.000060051681,14983.374004684027,10,10.0,95.0,95.0,1,Non Seasonal,Inscope,65100_CL05_OH,Coffee,3061882.0,612376.4,51030.924,13,10,15,9.575833253211085E-4,0.03814806745295173,0.015743007936036175
BEVG : BEVERAGES,CC : CONVENTIONAL COFFEE,65100 : BRU R& G POLY 200G,65100,CL06,GT,202309,201702,202309,224,450.3509889712863,0.0,37,0,245009.79236500835,20837.0,39225.0,41100.0002231449,39704.99974489211,33935.999976634965,35379.79242033636,10,10.0,95.0,95.0,1,Non Seasonal,Inscope,65100_CL06_GT,Coffee,3061882.0,612376.4,51030.924,13,10,15,9.575833253211085E-4,0.03814806745295173,0.015743007936036175
BEVG : BEVERAGES,CC : CONVENTIONAL COFFEE,65100 : BRU R& G POLY 200G,65100,CL06,OH,202309,201706,202306,220,41.072373373737825,0.8918918918918919,4,33,1753.9598308785792,180.0,240.0,420.00000923872,899.9999798834325,60.0,73.9598417564268,10,10.0,95.0,95.0,0,Non Seasonal,"More than 70% Intermittent, <=3 consecutive points",65100_CL06_OH,Coffee,3061882.0,612376.4,51030.924,13,10,15,9.575833253211085E-4,0.03814806745295173,0.015743007936036175
BEVG : BEVERAGES,CC : CONVENTIONAL COFFEE,65100 : BRU R& G POLY 200G,65100,CL07,OH,202309,201714,201719,212,10.053954194482582,1.0,0,37,239.999994635582,0.0,0.0,239.999994635582,0.0,0.0,0.0,10,10.0,95.0,95.0,0,Non Seasonal,Last 12 Months 0 Sales,65100_CL07_OH,Coffee,3061882.0,612376.4,51030.924,13,10,15,9.575833253211085E-4,0.03814806745295173,0.015743007936036175
BEVG : BEVERAGES,CC : CONVENTIONAL COFFEE,65100 : BRU R& G POLY 200G,65100,CL08,GT,202309,201829,201829,161,4.728662331740762,1.0,0,37,59.9999986588955,0.0,0.0,0.0,59.9999986588955,0.0,0.0,10,10.0,95.0,95.0,0,Non Seasonal,Last 12 Months 0 Sales,65100_CL08_GT,Coffee,3061882.0,612376.4,51030.924,13,10,15,9.575833253211085E-4,0.03814806745295173,0.015743007936036175
BEVG : BEVERAGES,CC : CONVENTIONAL COFFEE,65100 : BRU R& G POLY 200G,65100,CL09,GT,202309,201702,202029,224,109.99828811887845,1.0,0,37,14065.022256546981,0.0,0.0,4835.000079125165,2806.000046432016,2121.0000089406967,4303.022122049101,10,10.0,95.0,95.0,0,Non Seasonal,Last 12 Months 0 Sales,65100_CL09_GT,Coffee,3061882.0,612376.4,51030.924,13,10,15,9.575833253211085E-4,0.03814806745295173,0.015743007936036175
BEVG : BEVERAGES,CC : CONVENTIONAL COFFEE,65100 : BRU R& G POLY 200G,65100,CL09,OH,202309,201809,201828,181,7.681505205630339,1.0,0,37,179.9999959766865,0.0,0.0,0.0,179.9999959766865,0.0,0.0,10,10.0,95.0,95.0,0,Non Seasonal,Last 12 Months 0 Sales,65100_CL09_OH,Coffee,3061882.0,612376.4,51030.924,13,10,15,9.575833253211085E-4,0.03814806745295173,0.015743007936036175
BEVG : BEVERAGES,CC : CONVENTIONAL COFFEE,65100 : BRU R& G POLY 200G,65100,CL10,GT,202309,201702,202034,224,267.38323416040174,1.0,0,37,54650.68406439302,0.0,0.0,17967.000052332878,13252.00003385544,13934.999937206507,9496.684040998201,10,10.0,95.0,95.0,0,Non Seasonal,Last 12 Months 0 Sales,65100_CL10_GT,Coffee,3061882.0,612376.4,51030.924,13,10,15,9.575833253211085E-4,0.03814806745295173,0.015743007936036175
BEVG : BEVERAGES,CC : CONVENTIONAL COFFEE,65100 : BRU R& G POLY 200G,65100,CL10,OH,202309,201704,202027,222,25.059990028015886,1.0,0,37,1278.501159384081,0.0,0.0,1080.0000093877304,119.999997317791,0.0,78.50115267855936,10,10.0,95.0,95.0,0,Non Seasonal,Last 12 Months 0 Sales,65100_CL10_OH,Coffee,3061882.0,612376.4,51030.924,13,10,15,9.575833253211085E-4,0.03814806745295173,0.015743007936036175
BEVG : BEVERAGES,CC : CONVENTIONAL COFFEE,65100 : BRU R& G POLY 200G,65100,CL12,GT,202309,202035,202035,83,19.757566798144264,1.0,0,37,180.0,0.0,0.0,0.0,0.0,0.0,180.0,10,10.0,95.0,95.0,0,Non Seasonal,Last 12 Months 0 Sales,65100_CL12_GT,Coffee,3061882.0,612376.4,51030.924,13,10,15,9.575833253211085E-4,0.03814806745295173,0.015743007936036175
BEVG : BEVERAGES,CC : CONVENTIONAL COFFEE,65100 : BRU R& G POLY 200G,65100,CL14,GT,202309,201702,202308,224,257.6602961549888,0.6486486486486487,13,24,58237.76167472279,837.0,1496.0,18300.000011920933,14138.000003993511,13180.00002092123,8888.291341135704,10,10.0,95.0,95.0,0,Non Seasonal,Inscope,65100_CL14_GT,Coffee,3061882.0,612376.4,51030.924,13,10,15,9.575833253211085E-4,0.03814806745295173,0.015743007936036175
BEVG : BEVERAGES,CC : CONVENTIONAL COFFEE,65100 : BRU R& G POLY 200G,65100,CL14,OH,202309,201709,202027,217,12.408487628554612,1.0,0,37,702.7726527713824,0.0,0.0,59.9999986588955,119.999997317791,179.9999986588955,342.77265813580055,10,10.0,95.0,95.0,0,Non Seasonal,Last 12 Months 0 Sales,65100_CL14_OH,Coffee,3061882.0,612376.4,51030.924,13,10,15,9.575833253211085E-4,0.03814806745295173,0.015743007936036175
BEVG : BEVERAGES,CC : CONVENTIONAL COFFEE,65100 : BRU R& G POLY 200G,65100,CL15,GT,202309,201702,202309,224,3266.328273078765,0.0,37,0,3179717.4730930473,235151.0,481563.0,532354.0,528639.0,514169.0,493017.4730930472,10,10.0,95.0,95.0,1,Non Seasonal,Inscope,65100_CL15_GT,Coffee,3061882.0,612376.4,51030.924,13,10,15,9.575833253211085E-4,0.03814806745295173,0.015743007936036175
BEVG : BEVERAGES,CC : CONVENTIONAL COFFEE,65100 : BRU R& G POLY 200G,65100,CL15,OH,202309,201702,202216,224,143.7446486762625,0.972972972972973,1,36,9840.0,0.0,180.0,7920.0,1560.0,0.0,60.0,10,10.0,95.0,95.0,0,Non Seasonal,"Last 6 Months 0, Consecutive <=3",65100_CL15_OH,Coffee,3061882.0,612376.4,51030.924,13,10,15,9.575833253211085E-4,0.03814806745295173,0.015743007936036175
BEVG : BEVERAGES,CC : CONVENTIONAL COFFEE,65102 : BRU R& G POLY 50G,65102,CL01,GT,202309,201702,202309,224,8944.006060125403,0.0,37,0,6056578.624584674,559913.0,1071680.0,1140599.9965667725,957749.0110397339,774322.0019760132,665069.6150021545,10,10.0,95.0,95.0,1,Non Seasonal,Inscope,65102_CL01_GT,Coffee,2069488.0,103474.4,12934.353,15,17,23,6.472186716379437E-4,0.006445951200689166,0.0039902397598462706
BEVG : BEVERAGES,CC : CONVENTIONAL COFFEE,65102 : BRU R& G POLY 50G,65102,CL01,OH,202309,201807,202026,183,89.78544007746915,1.0,0,37,5554.8093560795605,0.0,0.0,0.0,2239.9999499320975,2079.99997496605,1234.809431181413,10,10.0,95.0,95.0,0,Non Seasonal,Last 12 Months 0 Sales,65102_CL01_OH,Coffee,2069488.0,103474.4,12934.353,15,17,23,6.472186716379437E-4,0.006445951200689166,0.0039902397598462706
BEVG : BEVERAGES,CC : CONVENTIONAL COFFEE,65102 : BRU R& G POLY 50G,65102,CL02,GT,202309,201702,202309,224,1883.874759679941,0.0,37,0,892271.0686994704,69765.0,128894.0,206823.0,150932.0,120993.0,99145.30593985875,10,10.0,95.0,95.0,1,Non Seasonal,Inscope,65102_CL02_GT,Coffee,2069488.0,103474.4,12934.353,15,17,23,6.472186716379437E-4,0.006445951200689166,0.0039902397598462706
BEVG : BEVERAGES,CC : CONVENTIONAL COFFEE,65102 : BRU R& G POLY 50G,65102,CL03,GT,202309,201702,202309,224,1812.4680620273714,0.02702702702702703,36,1,493816.5368002096,77210.0,140010.0,82274.9990224838,56746.999762952335,36527.99997627735,27141.87010555289,10,10.0,95.0,95.0,1,Non Seasonal,Inscope,65102_CL03_GT,Coffee,2069488.0,103474.4,12934.353,15,17,23,6.472186716379437E-4,0.006445951200689166,0.0039902397598462706
BEVG : BEVERAGES,CC : CONVENTIONAL COFFEE,65102 : BRU R& G POLY 50G,65102,CL15,GT,202309,201702,202309,224,5234.2965949430945,0.0,37,0,4700365.039668456,383466.0,728904.0,813527.0,772818.0,801270.0,751635.0396684564,10,10.0,95.0,95.0,1,Non Seasonal,Inscope,65102_CL15_GT,Coffee,2069488.0,103474.4,12934.353,15,17,23,6.472186716379437E-4,0.006445951200689166,0.0039902397598462706
BEVG : BEVERAGES,CC : CONVENTIONAL COFFEE,65122 : BRU R& G POLY RS.5,65122,CL01,GT,202309,201702,202029,224,118283.63734184249,1.0,0,37,3.035527537901145E7,0.0,0.0,8886659.004211428,8484153.045654297,7710180.013671873,5274283.315473849,10,10.0,95.0,95.0,0,Non Seasonal,DELISTED,65122_CL01_GT,Coffee,0.0,0.0,0.0,39,39,39,0.0,0.0,0.0
BEVG : BEVERAGES,CC : CONVENTIONAL COFFEE,65122 : BRU R& G POLY RS.5,65122,CL02,GT,202309,201702,202027,224,7853.898955959043,1.0,0,37,1813152.556433532,0.0,0.0,615278.0,528783.0,401424.0,267667.5564335316,10,10.0,95.0,95.0,0,Non Seasonal,DELISTED,65122_CL02_GT,Coffee,0.0,0.0,0.0,39,39,39,0.0,0.0,0.0
BEVG : BEVERAGES,CC : CONVENTIONAL COFFEE,65122 : BRU R& G POLY RS.5,65122,CL03,GT,202309,201702,202027,224,24979.28331261723,1.0,0,37,6377335.773046549,0.0,0.0,1840423.9902496338,1784536.994934082,1705139.9922485352,1047234.7956142979,10,10.0,95.0,95.0,0,Non Seasonal,DELISTED,65122_CL03_GT,Coffee,0.0,0.0,0.0,39,39,39,0.0,0.0,0.0
BEVG : BEVERAGES,CC : CONVENTIONAL COFFEE,65122 : BRU R& G POLY RS.5,65122,CL15,GT,202309,201702,202028,224,21214.759634898015,1.0,0,37,5405660.206182787,0.0,0.0,1580683.0,1474451.0,1392764.0,957762.2061827867,10,10.0,95.0,95.0,0,Non Seasonal,DELISTED,65122_CL15_GT,Coffee,0.0,0.0,0.0,39,39,39,0.0,0.0,0.0
BEVG : BEVERAGES,CC : CONVENTIONAL COFFEE,65130 : BRU R& G POLY 500G,65130,CL01,GT,202309,201702,202309,224,2409.9102168884847,0.0,37,0,2374871.6274804636,157570.0,327993.0,421335.00242233265,425360.00061035174,390554.999546051,351571.624901728,10,10.0,95.0,95.0,1,Non Seasonal,Inscope,65130_CL01_GT,Coffee,1356279.0,678139.5,56511.197,16,9,13,4.241672784526601E-4,0.04224478831730119,0.017433668707348974
BEVG : BEVERAGES,CC : CONVENTIONAL COFFEE,65130 : BRU R& G POLY 500G,65130,CL01,OH,202309,201702,202309,224,356.38775405751846,0.0,37,0,115041.2386001088,8329.0,17891.0,11040.000010281801,24383.999884128574,25499.00013780593,18331.69910946452,10,10.0,95.0,95.0,1,Non Seasonal,Inscope,65130_CL01_OH,Coffee,1356279.0,678139.5,56511.197,16,9,13,4.241672784526601E-4,0.04224478831730119,0.017433668707348974
BEVG : BEVERAGES,CC : CONVENTIONAL COFFEE,65130 : BRU R& G POLY 500G,65130,CL02,GT,202309,201702,202309,224,2066.332568090134,0.0,37,0,1670706.6376207771,107812.0,216222.0,329072.0,305582.0,263562.0,243916.637620777,10,10.0,95.0,95.0,1,Non Seasonal,Inscope,65130_CL02_GT,Coffee,1356279.0,678139.5,56511.197,16,9,13,4.241672784526601E-4,0.04224478831730119,0.017433668707348974
BEVG : BEVERAGES,CC : CONVENTIONAL COFFEE,65130 : BRU R& G POLY 500G,65130,CL02,OH,202309,201703,202306,223,78.2276417985428,0.7567567567567568,9,28,6443.523233560447,48.0,911.0,984.0,984.0,984.0,780.5232335604477,10,10.0,95.0,95.0,1,Non Seasonal,"More than 70% Intermittent, <=3 consecutive points",65130_CL02_OH,Coffee,1356279.0,678139.5,56511.197,16,9,13,4.241672784526601E-4,0.04224478831730119,0.017433668707348974
BEVG : BEVERAGES,CC : CONVENTIONAL COFFEE,65130 : BRU R& G POLY 500G,65130,CL03,GT,202309,201702,202309,224,5022.517895306969,0.0,37,0,4404131.877846707,223535.0,468113.0,863009.9983215333,802189.9976730347,711386.9987945554,702137.8830575822,10,10.0,95.0,95.0,1,Non Seasonal,Inscope,65130_CL03_GT,Coffee,1356279.0,678139.5,56511.197,16,9,13,4.241672784526601E-4,0.04224478831730119,0.017433668707348974
BEVG : BEVERAGES,CC : CONVENTIONAL COFFEE,65130 : BRU R& G POLY 500G,65130,CL03,OH,202309,201702,202309,224,674.506467716437,0.0,37,0,249643.66383538605,12356.0,25616.0,51884.00012254715,49127.99978256225,49272.0000553131,39973.6773310518,10,10.0,95.0,95.0,1,Non Seasonal,Inscope,65130_CL03_OH,Coffee,1356279.0,678139.5,56511.197,16,9,13,4.241672784526601E-4,0.04224478831730119,0.017433668707348974
BEVG : BEVERAGES,CC : CONVENTIONAL COFFEE,65130 : BRU R& G POLY 500G,65130,CL04,GT,202309,201702,202309,224,1429.5451033809104,0.13513513513513514,32,5,137554.48718706565,35353.0,52893.0,2367.999999783934,3385.9999785199757,13833.00018798932,14959.171979701801,10,10.0,95.0,95.0,1,Non Seasonal,Inscope,65130_CL04_GT,Coffee,1356279.0,678139.5,56511.197,16,9,13,4.241672784526601E-4,0.04224478831730119,0.017433668707348974
BEVG : BEVERAGES,CC : CONVENTIONAL COFFEE,65130 : BRU R& G POLY 500G,65130,CL04,OH,202309,201703,202118,223,952.7519138303181,1.0,0,37,118378.41332488578,0.0,0.0,43080.00069484115,29304.0001243353,39024.000181615345,6946.412324093977,10,10.0,95.0,95.0,0,Non Seasonal,Last 12 Months 0 Sales,65130_CL04_OH,Coffee,1356279.0,678139.5,56511.197,16,9,13,4.241672784526601E-4,0.04224478831730119,0.017433668707348974
BEVG : BEVERAGES,CC : CONVENTIONAL COFFEE,65130 : BRU R& G POLY 500G,65130,CL05,GT,202309,201702,202309,224,1304.6306403867745,0.0,37,0,357261.6261718208,60994.0,97381.0,32709.99988168478,32301.000088453282,28242.99998164177,67302.62622004103,10,10.0,95.0,95.0,1,Non Seasonal,Inscope,65130_CL05_GT,Coffee,1356279.0,678139.5,56511.197,16,9,13,4.241672784526601E-4,0.04224478831730119,0.017433668707348974
BEVG : BEVERAGES,CC : CONVENTIONAL COFFEE,65130 : BRU R& G POLY 500G,65130,CL05,OH,202309,201702,202309,224,792.069286793,0.3783783783783784,23,14,116772.57940780248,2184.0,5616.0,36863.99994790555,33189.99984115364,28296.00024554134,8654.579373201943,10,10.0,95.0,95.0,1,Non Seasonal,Inscope,65130_CL05_OH,Coffee,1356279.0,678139.5,56511.197,16,9,13,4.241672784526601E-4,0.04224478831730119,0.017433668707348974
BEVG : BEVERAGES,CC : CONVENTIONAL COFFEE,65130 : BRU R& G POLY 500G,65130,CL06,GT,202309,201702,202309,224,157.7700567923417,0.0,37,0,34835.30323569262,3367.0,6904.0,4232.999983010813,6252.000048756594,4435.999987766147,6820.826863296761,10,10.0,95.0,95.0,1,Non Seasonal,Inscope,65130_CL06_GT,Coffee,1356279.0,678139.5,56511.197,16,9,13,4.241672784526601E-4,0.04224478831730119,0.017433668707348974
BEVG : BEVERAGES,CC : CONVENTIONAL COFFEE,65130 : BRU R& G POLY 500G,65130,CL06,OH,202309,201702,202309,224,72.2013025598302,0.4594594594594595,20,17,7195.865992122839,168.0,576.0,2999.9999701976785,912.0000042021273,719.99999961257,617.834363660957,10,10.0,95.0,95.0,1,Non Seasonal,Inscope,65130_CL06_OH,Coffee,1356279.0,678139.5,56511.197,16,9,13,4.241672784526601E-4,0.04224478831730119,0.017433668707348974
BEVG : BEVERAGES,CC : CONVENTIONAL COFFEE,65130 : BRU R& G POLY 500G,65130,CL07,OH,202309,202033,202033,85,2.603165493823875,1.0,0,37,24.0,0.0,0.0,0.0,0.0,0.0,24.0,10,10.0,95.0,95.0,0,Non Seasonal,Last 12 Months 0 Sales,65130_CL07_OH,Coffee,1356279.0,678139.5,56511.197,16,9,13,4.241672784526601E-4,0.04224478831730119,0.017433668707348974
BEVG : BEVERAGES,CC : CONVENTIONAL COFFEE,65130 : BRU R& G POLY 500G,65130,CL09,GT,202309,201702,202302,224,89.1271403335319,0.972972972972973,1,36,16129.289425571998,20.0,20.0,4652.999997138978,4382.999961264431,3711.999977737665,3361.289489430926,10,10.0,95.0,95.0,0,Non Seasonal,"More than 70% Intermittent, <=3 consecutive points",65130_CL09_GT,Coffee,1356279.0,678139.5,56511.197,16,9,13,4.241672784526601E-4,0.04224478831730119,0.017433668707348974
BEVG : BEVERAGES,CC : CONVENTIONAL COFFEE,65130 : BRU R& G POLY 500G,65130,CL09,OH,202309,201730,202027,196,2.95380398775327,1.0,0,37,73.00000063454124,0.0,0.0,24.0000002086163,48.0000004172326,0.0,1.000000008692346,10,10.0,95.0,95.0,0,Non Seasonal,Last 12 Months 0 Sales,65130_CL09_OH,Coffee,1356279.0,678139.5,56511.197,16,9,13,4.241672784526601E-4,0.04224478831730119,0.017433668707348974
BEVG : BEVERAGES,CC : CONVENTIONAL COFFEE,65130 : BRU R& G POLY 500G,65130,CL10,GT,202309,201702,202028,224,242.17779523689302,1.0,0,37,55706.874619713504,0.0,0.0,14413.999989628794,15443.999975919725,15823.999987125395,10024.874667039585,10,10.0,95.0,95.0,0,Non Seasonal,Last 12 Months 0 Sales,65130_CL10_GT,Coffee,1356279.0,678139.5,56511.197,16,9,13,4.241672784526601E-4,0.04224478831730119,0.017433668707348974
BEVG : BEVERAGES,CC : CONVENTIONAL COFFEE,65130 : BRU R& G POLY 500G,65130,CL10,OH,202309,201826,201903,164,4.919097123076207,1.0,0,37,120.0000010430814,0.0,0.0,0.0,96.0000008344651,24.0000002086163,0.0,10,10.0,95.0,95.0,0,Non Seasonal,Last 12 Months 0 Sales,65130_CL10_OH,Coffee,1356279.0,678139.5,56511.197,16,9,13,4.241672784526601E-4,0.04224478831730119,0.017433668707348974
BEVG : BEVERAGES,CC : CONVENTIONAL COFFEE,65130 : BRU R& G POLY 500G,65130,CL11,GT,202309,201935,202104,119,11.602886546640645,1.0,0,37,312.0,0.0,0.0,0.0,0.0,24.0,264.0,10,10.0,95.0,95.0,0,Non Seasonal,Last 12 Months 0 Sales,65130_CL11_GT,Coffee,1356279.0,678139.5,56511.197,16,9,13,4.241672784526601E-4,0.04224478831730119,0.017433668707348974
BEVG : BEVERAGES,CC : CONVENTIONAL COFFEE,65130 : BRU R& G POLY 500G,65130,CL12,GT,202309,202132,202132,50,10.182337649086287,1.0,0,37,72.0,0.0,0.0,0.0,0.0,0.0,0.0,10,10.0,95.0,95.0,0,Non Seasonal,Last 12 Months 0 Sales,65130_CL12_GT,Coffee,1356279.0,678139.5,56511.197,16,9,13,4.241672784526601E-4,0.04224478831730119,0.017433668707348974
BEVG : BEVERAGES,CC : CONVENTIONAL COFFEE,65130 : BRU R& G POLY 500G,65130,CL13,GT,202309,201702,202027,224,63.769822143646806,1.0,0,37,5857.586206494062,0.0,0.0,1188.9999955892565,1767.9999694228163,1293.9999967217448,1606.5862447602422,10,10.0,95.0,95.0,0,Non Seasonal,Last 12 Months 0 Sales,65130_CL13_GT,Coffee,1356279.0,678139.5,56511.197,16,9,13,4.241672784526601E-4,0.04224478831730119,0.017433668707348974
BEVG : BEVERAGES,CC : CONVENTIONAL COFFEE,65130 : BRU R& G POLY 500G,65130,CL13,OH,202309,201718,201718,208,3.328201206281242,1.0,0,37,48.0000004172325,0.0,0.0,48.0000004172325,0.0,0.0,0.0,10,10.0,95.0,95.0,0,Non Seasonal,Last 12 Months 0 Sales,65130_CL13_OH,Coffee,1356279.0,678139.5,56511.197,16,9,13,4.241672784526601E-4,0.04224478831730119,0.017433668707348974
BEVG : BEVERAGES,CC : CONVENTIONAL COFFEE,65130 : BRU R& G POLY 500G,65130,CL14,GT,202309,201702,202301,224,114.59649937868883,0.9459459459459459,2,35,27284.31647504239,24.0,48.0,7177.999950945377,7051.999978721142,6614.000005364419,5654.67852789139,10,10.0,95.0,95.0,0,Non Seasonal,"More than 70% Intermittent, <=3 consecutive points",65130_CL14_GT,Coffee,1356279.0,678139.5,56511.197,16,9,13,4.241672784526601E-4,0.04224478831730119,0.017433668707348974
BEVG : BEVERAGES,CC : CONVENTIONAL COFFEE,65130 : BRU R& G POLY 500G,65130,CL15,GT,202309,201702,202309,224,958.7272377416004,0.0,37,0,872025.9798595896,66619.0,134103.0,146907.0,146397.0,147893.0,139186.97985958948,10,10.0,95.0,95.0,1,Non Seasonal,Inscope,65130_CL15_GT,Coffee,1356279.0,678139.5,56511.197,16,9,13,4.241672784526601E-4,0.04224478831730119,0.017433668707348974
BEVG : BEVERAGES,CC : CONVENTIONAL COFFEE,65130 : BRU R& G POLY 500G,65130,CL15,OH,202309,201706,202309,220,30.187752383616697,0.1891891891891892,30,7,3941.481912168056,1416.0,1992.0,432.0,360.0,240.0,701.4273531865043,10,10.0,95.0,95.0,0,Non Seasonal,Inscope,65130_CL15_OH,Coffee,1356279.0,678139.5,56511.197,16,9,13,4.241672784526601E-4,0.04224478831730119,0.017433668707348974
BEVG : BEVERAGES,CC : CONVENTIONAL COFFEE,70616 : BRU R&G 200G VENDING,70616,CL01,GT,202309,202230,202230,16,45.0,0.9375,1,15,180.0,180.0,180.0,0.0,0.0,0.0,0.0,10,10.0,95.0,95.0,1,Non Seasonal,"More than 70% Intermittent, <=3 consecutive points",70616_CL01_GT,Coffee,654019.0,130803.8,10900.317,20,15,24,2.0454011253313685E-4,0.008148439726779817,0.0033627409340326662
BEVG : BEVERAGES,CC : CONVENTIONAL COFFEE,70616 : BRU R&G 200G VENDING,70616,CL01,OH,202309,201717,202309,209,6391.8130365406605,0.0,37,0,887418.2286643912,37260.0,74580.0,79619.9995055795,225419.99786347157,263220.0009274484,182148.03040966872,10,10.0,95.0,95.0,1,Non Seasonal,Inscope,70616_CL01_OH,Coffee,654019.0,130803.8,10900.317,20,15,24,2.0454011253313685E-4,0.008148439726779817,0.0033627409340326662
BEVG : BEVERAGES,CC : CONVENTIONAL COFFEE,70616 : BRU R&G 200G VENDING,70616,CL02,GT,202309,202224,202227,22,53.62205400135914,0.8636363636363636,3,19,420.0,60.0,420.0,0.0,0.0,0.0,0.0,10,10.0,95.0,95.0,1,Non Seasonal,"More than 70% Intermittent, <=3 consecutive points",70616_CL02_GT,Coffee,654019.0,130803.8,10900.317,20,15,24,2.0454011253313685E-4,0.008148439726779817,0.0033627409340326662
BEVG : BEVERAGES,CC : CONVENTIONAL COFFEE,70616 : BRU R&G 200G VENDING,70616,CL02,OH,202309,201718,202309,208,4364.9270631032705,0.02702702702702703,36,1,1009806.9102654062,138660.0,239400.0,62820.0,156448.0,265740.0,181867.21059439343,10,10.0,95.0,95.0,1,Non Seasonal,Inscope,70616_CL02_OH,Coffee,654019.0,130803.8,10900.317,20,15,24,2.0454011253313685E-4,0.008148439726779817,0.0033627409340326662
BEVG : BEVERAGES,CC : CONVENTIONAL COFFEE,70616 : BRU R&G 200G VENDING,70616,CL03,GT,202309,202236,202236,10,37.94733192202055,0.9,1,9,120.0,120.0,120.0,0.0,0.0,0.0,0.0,10,10.0,95.0,95.0,1,Non Seasonal,New Product,70616_CL03_GT,Coffee,654019.0,130803.8,10900.317,20,15,24,2.0454011253313685E-4,0.008148439726779817,0.0033627409340326662
BEVG : BEVERAGES,CC : CONVENTIONAL COFFEE,70616 : BRU R&G 200G VENDING,70616,CL03,OH,202309,201718,202309,208,3806.1041017858565,0.10810810810810811,33,4,667066.5413678603,55500.0,108639.0,61500.00062584879,166379.9991607666,156179.99996423715,115347.12794307766,10,10.0,95.0,95.0,1,Non Seasonal,Inscope,70616_CL03_OH,Coffee,654019.0,130803.8,10900.317,20,15,24,2.0454011253313685E-4,0.008148439726779817,0.0033627409340326662
BEVG : BEVERAGES,CC : CONVENTIONAL COFFEE,70616 : BRU R&G 200G VENDING,70616,CL04,OH,202309,201816,202307,174,208.23064707849804,0.5135135135135135,18,19,16419.99995931983,2980.0,5200.0,0.0,3239.9999722838397,4799.99998703599,2280.0,10,10.0,95.0,95.0,0,Non Seasonal,Inscope,70616_CL04_OH,Coffee,654019.0,130803.8,10900.317,20,15,24,2.0454011253313685E-4,0.008148439726779817,0.0033627409340326662
BEVG : BEVERAGES,CC : CONVENTIONAL COFFEE,70616 : BRU R&G 200G VENDING,70616,CL05,OH,202309,201718,202309,208,5345.958740073132,0.05405405405405406,35,2,977666.7589844604,85680.0,173520.0,74879.99987602235,203520.00027894977,230280.0011587143,184915.3640650756,10,10.0,95.0,95.0,1,Non Seasonal,Inscope,70616_CL05_OH,Coffee,654019.0,130803.8,10900.317,20,15,24,2.0454011253313685E-4,0.008148439726779817,0.0033627409340326662
BEVG : BEVERAGES,CC : CONVENTIONAL COFFEE,70616 : BRU R&G 200G VENDING,70616,CL06,OH,202309,201931,202230,123,18.405012963840047,0.8918918918918919,4,33,480.0,120.0,360.0,0.0,0.0,60.0,0.0,10,10.0,95.0,95.0,0,Non Seasonal,"More than 70% Intermittent, <=3 consecutive points",70616_CL06_OH,Coffee,654019.0,130803.8,10900.317,20,15,24,2.0454011253313685E-4,0.008148439726779817,0.0033627409340326662
BEVG : BEVERAGES,CC : CONVENTIONAL COFFEE,70616 : BRU R&G 200G VENDING,70616,CL07,OH,202309,201725,202309,201,783.9406241118368,0.08108108108108109,34,3,92185.49558995137,8940.0,17820.0,1440.000005066395,2880.0000064074984,37740.00001966955,21263.847862021496,10,10.0,95.0,95.0,0,Non Seasonal,Inscope,70616_CL07_OH,Coffee,654019.0,130803.8,10900.317,20,15,24,2.0454011253313685E-4,0.008148439726779817,0.0033627409340326662
BEVG : BEVERAGES,CC : CONVENTIONAL COFFEE,70616 : BRU R&G 200G VENDING,70616,CL08,OH,202309,201910,202106,144,19.064667050322964,1.0,0,37,539.999994635582,0.0,0.0,0.0,0.0,359.99999463558197,120.0,10,10.0,95.0,95.0,0,Non Seasonal,Last 12 Months 0 Sales,70616_CL08_OH,Coffee,654019.0,130803.8,10900.317,20,15,24,2.0454011253313685E-4,0.008148439726779817,0.0033627409340326662
BEVG : BEVERAGES,CC : CONVENTIONAL COFFEE,70616 : BRU R&G 200G VENDING,70616,CL09,OH,202309,201901,202309,153,639.7542060190792,0.4594594594594595,20,17,51839.99991416932,1680.0,9480.0,0.0,0.0,24359.99991416932,6840.0,10,10.0,95.0,95.0,0,Non Seasonal,Inscope,70616_CL09_OH,Coffee,654019.0,130803.8,10900.317,20,15,24,2.0454011253313685E-4,0.008148439726779817,0.0033627409340326662
BEVG : BEVERAGES,CC : CONVENTIONAL COFFEE,70616 : BRU R&G 200G VENDING,70616,CL10,OH,202309,201901,202224,153,92.66605261201597,0.972972972972973,1,36,2820.0000505149364,0.0,120.0,0.0,0.0,2040.0000505149364,600.0,10,10.0,95.0,95.0,0,Non Seasonal,"Last 6 Months 0, Consecutive <=3",70616_CL10_OH,Coffee,654019.0,130803.8,10900.317,20,15,24,2.0454011253313685E-4,0.008148439726779817,0.0033627409340326662
BEVG : BEVERAGES,CC : CONVENTIONAL COFFEE,70616 : BRU R&G 200G VENDING,70616,CL12,OH,202309,202224,202224,22,12.792042981336627,0.9545454545454546,1,21,60.0,0.0,60.0,0.0,0.0,0.0,0.0,10,10.0,95.0,95.0,1,Non Seasonal,"Last 6 Months 0, Consecutive <=3",70616_CL12_OH,Coffee,654019.0,130803.8,10900.317,20,15,24,2.0454011253313685E-4,0.008148439726779817,0.0033627409340326662
BEVG : BEVERAGES,CC : CONVENTIONAL COFFEE,70616 : BRU R&G 200G VENDING,70616,CL14,OH,202309,202104,202109,78,15.111969705224677,1.0,0,37,180.0,0.0,0.0,0.0,0.0,0.0,0.0,10,10.0,95.0,95.0,0,Non Seasonal,Last 12 Months 0 Sales,70616_CL14_OH,Coffee,654019.0,130803.8,10900.317,20,15,24,2.0454011253313685E-4,0.008148439726779817,0.0033627409340326662
BEVG : BEVERAGES,CC : CONVENTIONAL COFFEE,70616 : BRU R&G 200G VENDING,70616,CL15,GT,202309,202230,202230,16,75.0,0.9375,1,15,300.0,300.0,300.0,0.0,0.0,0.0,0.0,10,10.0,95.0,95.0,1,Non Seasonal,"More than 70% Intermittent, <=3 consecutive points",70616_CL15_GT,Coffee,654019.0,130803.8,10900.317,20,15,24,2.0454011253313685E-4,0.008148439726779817,0.0033627409340326662
BEVG : BEVERAGES,CC : CONVENTIONAL COFFEE,70616 : BRU R&G 200G VENDING,70616,CL15,OH,202309,201718,202309,208,605.0523040468897,0.0,37,0,134345.3464046155,15660.0,23820.0,5100.0,23580.0,41400.0,30174.583622118927,10,10.0,95.0,95.0,1,Non Seasonal,Inscope,70616_CL15_OH,Coffee,654019.0,130803.8,10900.317,20,15,24,2.0454011253313685E-4,0.008148439726779817,0.0033627409340326662
BEVG : BEVERAGES,CC : CONVENTIONAL COFFEE,70642 : BRU SELECT 500G,70642,CL01,GT,202309,201834,201835,156,104.01099881621306,1.0,0,37,1643.9999341964751,0.0,0.0,0.0,1643.9999341964751,0.0,0.0,10,10.0,95.0,95.0,0,Non Seasonal,Last 12 Months 0 Sales,70642_CL01_GT,Coffee,0.0,0.0,0.0,42,42,42,0.0,0.0,0.0
BEVG : BEVERAGES,CC : CONVENTIONAL COFFEE,70642 : BRU SELECT 500G,70642,CL03,GT,202309,201834,201836,156,32.66550214521317,1.0,0,37,409.9999924655999,0.0,0.0,0.0,409.9999924655999,0.0,0.0,10,10.0,95.0,95.0,0,Non Seasonal,Last 12 Months 0 Sales,70642_CL03_GT,Coffee,0.0,0.0,0.0,42,42,42,0.0,0.0,0.0
BEVG : BEVERAGES,CC : CONVENTIONAL COFFEE,70677 : BRU GREEN LABEL NICE 100G,70677,CL02,GT,202309,201936,202231,118,10098.65212460969,0.5675675675675675,16,21,1132214.0,3859.0,75973.0,0.0,0.0,81000.0,490766.0,10,10.0,95.0,95.0,1,Non Seasonal,Inscope,70677_CL02_GT,Coffee,75973.0,7597.3,633.113,27,27,30,2.3760052795836214E-5,4.7327479122368237E-4,1.953149620298404E-4
BEVG : BEVERAGES,CC : CONVENTIONAL COFFEE,80362 : BRU SELECT POLY 100G,80362,CL01,GT,202309,201704,202027,222,109.2244879677102,1.0,0,37,6810.013249309633,0.0,0.0,6670.999942813069,0.0,0.0,139.01330649656506,10,10.0,95.0,95.0,0,Non Seasonal,Last 12 Months 0 Sales,80362_CL01_GT,Coffee,0.0,0.0,0.0,47,47,47,0.0,0.0,0.0
BEVG : BEVERAGES,CC : CONVENTIONAL COFFEE,80362 : BRU SELECT POLY 100G,80362,CL02,GT,202309,201704,202027,222,26.776602513416325,1.0,0,37,1155.1502501087477,0.0,0.0,1142.0,0.0,0.0,13.150250108747898,10,10.0,95.0,95.0,0,Non Seasonal,Last 12 Months 0 Sales,80362_CL02_GT,Coffee,0.0,0.0,0.0,47,47,47,0.0,0.0,0.0
BEVG : BEVERAGES,CC : CONVENTIONAL COFFEE,80362 : BRU SELECT POLY 100G,80362,CL05,OH,202309,201708,201802,218,34.28662690250141,1.0,0,37,1775.9999781847,0.0,0.0,1631.999984383583,143.999993801117,0.0,0.0,10,10.0,95.0,95.0,0,Non Seasonal,Last 12 Months 0 Sales,80362_CL05_OH,Coffee,0.0,0.0,0.0,47,47,47,0.0,0.0,0.0
BEVG : BEVERAGES,CC : CONVENTIONAL COFFEE,80363 : BRU SELECT POLY 200G,80363,CL01,GT,202309,201702,202209,224,99.09588229160077,0.972972972972973,1,36,12128.883218061725,0.0,98.0,6502.000037115067,4604.000000050292,163.9999985992909,394.35788826841997,10,10.0,95.0,95.0,1,Non Seasonal,"Last 6 Months 0, Consecutive <=3",80363_CL01_GT,Coffee,1802.0,360.4,75.083,32,32,32,5.635635704539357E-7,2.2451164855542773E-5,2.316305824408361E-5
BEVG : BEVERAGES,CC : CONVENTIONAL COFFEE,80363 : BRU SELECT POLY 200G,80363,CL01,OH,202309,201702,202223,224,408.08341086660846,0.8378378378378378,6,31,67433.3795165628,0.0,792.0,18056.00012093782,13439.999982714657,16367.999973952774,15105.379438957538,10,10.0,95.0,95.0,0,Non Seasonal,"Last 6 Months 0, Consecutive <=3",80363_CL01_OH,Coffee,1802.0,360.4,75.083,32,32,32,5.635635704539357E-7,2.2451164855542773E-5,2.316305824408361E-5
BEVG : BEVERAGES,CC : CONVENTIONAL COFFEE,80363 : BRU SELECT POLY 200G,80363,CL02,GT,202309,201702,202235,224,24.173005113171467,0.972972972972973,1,36,1999.4543835714853,240.0,240.0,1067.0,437.0,144.0,111.45438357148511,10,10.0,95.0,95.0,0,Non Seasonal,"More than 70% Intermittent, <=3 consecutive points",80363_CL02_GT,Coffee,1802.0,360.4,75.083,32,32,32,5.635635704539357E-7,2.2451164855542773E-5,2.316305824408361E-5
BEVG : BEVERAGES,CC : CONVENTIONAL COFFEE,80363 : BRU SELECT POLY 200G,80363,CL02,OH,202309,201702,202122,224,52.04032424350681,1.0,0,37,3181.8697439852585,0.0,0.0,1440.0,264.0,216.0,1189.8697439852592,10,10.0,95.0,95.0,0,Non Seasonal,Last 12 Months 0 Sales,80363_CL02_OH,Coffee,1802.0,360.4,75.083,32,32,32,5.635635704539357E-7,2.2451164855542773E-5,2.316305824408361E-5
BEVG : BEVERAGES,CC : CONVENTIONAL COFFEE,80363 : BRU SELECT POLY 200G,80363,CL03,GT,202309,202029,202305,89,7.050959989406872,0.9459459459459459,2,35,144.0,48.0,72.0,0.0,0.0,0.0,48.0,10,10.0,95.0,95.0,0,Non Seasonal,"More than 70% Intermittent, <=3 consecutive points",80363_CL03_GT,Coffee,1802.0,360.4,75.083,32,32,32,5.635635704539357E-7,2.2451164855542773E-5,2.316305824408361E-5
BEVG : BEVERAGES,CC : CONVENTIONAL COFFEE,80363 : BRU SELECT POLY 200G,80363,CL03,OH,202309,201702,202027,224,37.120187400717725,1.0,0,37,1647.3108639767665,0.0,0.0,1584.0000025928023,0.0,0.0,63.31086138396421,10,10.0,95.0,95.0,0,Non Seasonal,Last 12 Months 0 Sales,80363_CL03_OH,Coffee,1802.0,360.4,75.083,32,32,32,5.635635704539357E-7,2.2451164855542773E-5,2.316305824408361E-5
BEVG : BEVERAGES,CC : CONVENTIONAL COFFEE,80363 : BRU SELECT POLY 200G,80363,CL05,GT,202309,202206,202206,40,3.794733192202056,1.0,0,37,24.0,0.0,0.0,0.0,0.0,0.0,0.0,10,10.0,95.0,95.0,0,Non Seasonal,Last 12 Months 0 Sales,80363_CL05_GT,Coffee,1802.0,360.4,75.083,32,32,32,5.635635704539357E-7,2.2451164855542773E-5,2.316305824408361E-5
BEVG : BEVERAGES,CC : CONVENTIONAL COFFEE,80363 : BRU SELECT POLY 200G,80363,CL05,OH,202309,201706,202307,220,42.813998516572234,0.8108108108108109,7,30,4731.260051980237,216.0,600.0,96.000000834465,1079.9999833106995,1463.9999957084656,1220.3584799421922,10,10.0,95.0,95.0,0,Non Seasonal,"More than 70% Intermittent, <=3 consecutive points",80363_CL05_OH,Coffee,1802.0,360.4,75.083,32,32,32,5.635635704539357E-7,2.2451164855542773E-5,2.316305824408361E-5
BEVG : BEVERAGES,CC : CONVENTIONAL COFFEE,80363 : BRU SELECT POLY 200G,80363,CL06,GT,202309,201833,201833,157,3.8308170787433635,1.0,0,37,48.0000004172325,0.0,0.0,0.0,48.0000004172325,0.0,0.0,10,10.0,95.0,95.0,0,Non Seasonal,Last 12 Months 0 Sales,80363_CL06_GT,Coffee,1802.0,360.4,75.083,32,32,32,5.635635704539357E-7,2.2451164855542773E-5,2.316305824408361E-5
BEVG : BEVERAGES,IC : INSTANT COFFEE,60263 : BRU INSTANT NRT POLY 200G KC,60263,CL01,GT,202309,201702,202027,224,304.45729591980637,1.0,0,37,68465.90766044857,0.0,0.0,17676.000073552128,17557.000000029802,18211.999980211258,15020.907606655379,47,47.0,708.0,708.0,0,Non Seasonal,DELISTED,60263_CL01_GT,Coffee,0.0,0.0,0.0,35,35,35,0.0,0.0,0.0
BEVG : BEVERAGES,IC : INSTANT COFFEE,60263 : BRU INSTANT NRT POLY 200G KC,60263,CL01,OH,202309,201712,202017,214,122.17171267771252,1.0,0,37,5998.1483546352465,0.0,0.0,1440.000042319298,1512.0000224560501,2399.999978542328,646.1483113175711,47,47.0,708.0,708.0,0,Non Seasonal,DELISTED,60263_CL01_OH,Coffee,0.0,0.0,0.0,35,35,35,0.0,0.0,0.0
BEVG : BEVERAGES,IC : INSTANT COFFEE,60263 : BRU INSTANT NRT POLY 200G KC,60263,CL02,GT,202309,201702,202028,224,144.68271528228834,1.0,0,37,30351.19868653737,0.0,0.0,9716.0,8652.0,7655.0,4328.198686537368,47,47.0,708.0,708.0,0,Non Seasonal,DELISTED,60263_CL02_GT,Coffee,0.0,0.0,0.0,35,35,35,0.0,0.0,0.0
BEVG : BEVERAGES,IC : INSTANT COFFEE,60263 : BRU INSTANT NRT POLY 200G KC,60263,CL03,GT,202309,201702,202027,224,156.17692891151725,1.0,0,37,35787.498362253835,0.0,0.0,9689.999982714653,10077.999949455263,9603.000006556511,6416.498423527407,47,47.0,708.0,708.0,0,Non Seasonal,DELISTED,60263_CL03_GT,Coffee,0.0,0.0,0.0,35,35,35,0.0,0.0,0.0
BEVG : BEVERAGES,IC : INSTANT COFFEE,60263 : BRU INSTANT NRT POLY 200G KC,60263,CL03,OH,202309,201906,201906,148,9.863939017845214,1.0,0,37,119.999997317791,0.0,0.0,0.0,0.0,119.999997317791,0.0,47,47.0,708.0,708.0,0,Non Seasonal,DELISTED,60263_CL03_OH,Coffee,0.0,0.0,0.0,35,35,35,0.0,0.0,0.0
BEVG : BEVERAGES,IC : INSTANT COFFEE,60263 : BRU INSTANT NRT POLY 200G KC,60263,CL04,GT,202309,201702,202120,224,32.920972092731716,1.0,0,37,5492.597521385417,0.0,0.0,1557.9999759793275,1104.0000030770893,1535.0000031441452,1242.259211991209,47,47.0,708.0,708.0,0,Non Seasonal,DELISTED,60263_CL04_GT,Coffee,0.0,0.0,0.0,35,35,35,0.0,0.0,0.0
BEVG : BEVERAGES,IC : INSTANT COFFEE,60263 : BRU INSTANT NRT POLY 200G KC,60263,CL04,OH,202309,201705,202027,221,119.04806368233046,1.0,0,37,8156.250063728716,0.0,0.0,3564.000016078353,3251.9999947398883,359.999991953373,980.2500609570999,47,47.0,708.0,708.0,0,Non Seasonal,DELISTED,60263_CL04_OH,Coffee,0.0,0.0,0.0,35,35,35,0.0,0.0,0.0
BEVG : BEVERAGES,IC : INSTANT COFFEE,60263 : BRU INSTANT NRT POLY 200G KC,60263,CL05,GT,202309,201702,202027,224,49.72530563412972,1.0,0,37,5007.130715443,0.0,0.0,2688.999987673014,833.0000033602121,640.9999966919423,844.1307277178306,47,47.0,708.0,708.0,0,Non Seasonal,DELISTED,60263_CL05_GT,Coffee,0.0,0.0,0.0,35,35,35,0.0,0.0,0.0
BEVG : BEVERAGES,IC : INSTANT COFFEE,60263 : BRU INSTANT NRT POLY 200G KC,60263,CL05,OH,202309,201702,202011,224,37.392196281586465,1.0,0,37,1972.916298180096,0.0,0.0,779.9999825656415,575.999990105629,528.000004589557,88.9163209192683,47,47.0,708.0,708.0,0,Non Seasonal,DELISTED,60263_CL05_OH,Coffee,0.0,0.0,0.0,35,35,35,0.0,0.0,0.0
BEVG : BEVERAGES,IC : INSTANT COFFEE,60263 : BRU INSTANT NRT POLY 200G KC,60263,CL06,GT,202309,201702,202027,224,31.544355019642698,1.0,0,37,4379.119923090744,0.0,0.0,1961.000000126659,1092.9999826475982,735.999997779727,589.1199425367599,47,47.0,708.0,708.0,0,Non Seasonal,DELISTED,60263_CL06_GT,Coffee,0.0,0.0,0.0,35,35,35,0.0,0.0,0.0
BEVG : BEVERAGES,IC : INSTANT COFFEE,60263 : BRU INSTANT NRT POLY 200G KC,60263,CL06,OH,202309,201727,201727,199,0.8506574534042074,1.0,0,37,12.0000001043081,0.0,0.0,12.0000001043081,0.0,0.0,0.0,47,47.0,708.0,708.0,0,Non Seasonal,DELISTED,60263_CL06_OH,Coffee,0.0,0.0,0.0,35,35,35,0.0,0.0,0.0
BEVG : BEVERAGES,IC : INSTANT COFFEE,60263 : BRU INSTANT NRT POLY 200G KC,60263,CL07,GT,202309,201723,202024,203,24.635475139287134,1.0,0,37,861.1824669267613,0.0,0.0,155.9999994933606,167.9999977350234,272.0000056922433,265.1824640061339,47,47.0,708.0,708.0,0,Non Seasonal,DELISTED,60263_CL07_GT,Coffee,0.0,0.0,0.0,35,35,35,0.0,0.0,0.0
BEVG : BEVERAGES,IC : INSTANT COFFEE,60263 : BRU INSTANT NRT POLY 200G KC,60263,CL07,OH,202309,201705,202012,221,36.01812725812025,1.0,0,37,1505.2429602563857,0.0,0.0,419.9999906122685,792.000014334917,180.000007152557,113.24294815664359,47,47.0,708.0,708.0,0,Non Seasonal,DELISTED,60263_CL07_OH,Coffee,0.0,0.0,0.0,35,35,35,0.0,0.0,0.0
BEVG : BEVERAGES,IC : INSTANT COFFEE,60263 : BRU INSTANT NRT POLY 200G KC,60263,CL08,GT,202309,201705,202027,221,10.37752450665769,1.0,0,37,669.9342220171371,0.0,0.0,165.99999554455272,167.9999977350234,252.000000834465,83.93422790309626,47,47.0,708.0,708.0,0,Non Seasonal,DELISTED,60263_CL08_GT,Coffee,0.0,0.0,0.0,35,35,35,0.0,0.0,0.0
BEVG : BEVERAGES,IC : INSTANT COFFEE,60263 : BRU INSTANT NRT POLY 200G KC,60263,CL09,GT,202309,201702,202026,224,28.880458764539434,1.0,0,37,3712.2862759509712,0.0,0.0,994.99998614192,1221.9999907538293,1021.9999959766867,473.28630307853575,47,47.0,708.0,708.0,0,Non Seasonal,DELISTED,60263_CL09_GT,Coffee,0.0,0.0,0.0,35,35,35,0.0,0.0,0.0
BEVG : BEVERAGES,IC : INSTANT COFFEE,60263 : BRU INSTANT NRT POLY 200G KC,60263,CL09,OH,202309,201710,201710,216,0.8164965880249925,1.0,0,37,12.0000001043081,0.0,0.0,12.0000001043081,0.0,0.0,0.0,47,47.0,708.0,708.0,0,Non Seasonal,DELISTED,60263_CL09_OH,Coffee,0.0,0.0,0.0,35,35,35,0.0,0.0,0.0
BEVG : BEVERAGES,IC : INSTANT COFFEE,60263 : BRU INSTANT NRT POLY 200G KC,60263,CL10,GT,202309,201710,202027,216,1.9922329976841842,1.0,0,37,48.0000004172325,0.0,0.0,48.0000004172325,0.0,0.0,5.204170427930414E-17,47,47.0,708.0,708.0,0,Non Seasonal,DELISTED,60263_CL10_GT,Coffee,0.0,0.0,0.0,35,35,35,0.0,0.0,0.0
BEVG : BEVERAGES,IC : INSTANT COFFEE,60263 : BRU INSTANT NRT POLY 200G KC,60263,CL10,OH,202309,201732,202027,194,1.9223475470538418,1.0,0,37,36.50000031727057,0.0,0.0,24.0000002086163,12.0000001043081,0.0,0.50000000434617,47,47.0,708.0,708.0,0,Non Seasonal,DELISTED,60263_CL10_OH,Coffee,0.0,0.0,0.0,35,35,35,0.0,0.0,0.0
BEVG : BEVERAGES,IC : INSTANT COFFEE,60263 : BRU INSTANT NRT POLY 200G KC,60263,CL11,GT,202309,201702,202030,224,26.373514407651648,1.0,0,37,4021.3659948362088,0.0,0.0,1041.9999947771423,1357.9999879002569,955.9999924004078,665.3660197584021,47,47.0,708.0,708.0,0,Non Seasonal,DELISTED,60263_CL11_GT,Coffee,0.0,0.0,0.0,35,35,35,0.0,0.0,0.0
BEVG : BEVERAGES,IC : INSTANT COFFEE,60263 : BRU INSTANT NRT POLY 200G KC,60263,CL12,GT,202309,201703,201934,223,11.30428272793551,1.0,0,37,795.9999905228618,0.0,0.0,487.99999430775677,215.9999962896109,91.99999992549421,0.0,47,47.0,708.0,708.0,0,Non Seasonal,DELISTED,60263_CL12_GT,Coffee,0.0,0.0,0.0,35,35,35,0.0,0.0,0.0
BEVG : BEVERAGES,IC : INSTANT COFFEE,60263 : BRU INSTANT NRT POLY 200G KC,60263,CL13,GT,202309,201703,202027,223,6.267674851955358,1.0,0,37,522.6614923204794,0.0,0.0,400.9999986737965,84.0000007301567,12.0,25.661492916526047,47,47.0,708.0,708.0,0,Non Seasonal,DELISTED,60263_CL13_GT,Coffee,0.0,0.0,0.0,35,35,35,0.0,0.0,0.0
BEVG : BEVERAGES,IC : INSTANT COFFEE,60263 : BRU INSTANT NRT POLY 200G KC,60263,CL14,GT,202309,201702,202115,224,13.144962709180923,1.0,0,37,1217.1446959546793,0.0,0.0,600.9999988600613,83.0000005662441,344.0000008791685,176.2517148010706,47,47.0,708.0,708.0,0,Non Seasonal,DELISTED,60263_CL14_GT,Coffee,0.0,0.0,0.0,35,35,35,0.0,0.0,0.0
BEVG : BEVERAGES,IC : INSTANT COFFEE,60263 : BRU INSTANT NRT POLY 200G KC,60263,CL15,GT,202309,201702,202027,224,176.47065376051788,1.0,0,37,39555.776781498476,0.0,0.0,10066.0,10679.0,11514.0,7296.776781498484,47,47.0,708.0,708.0,0,Non Seasonal,DELISTED,60263_CL15_GT,Coffee,0.0,0.0,0.0,35,35,35,0.0,0.0,0.0
BEVG : BEVERAGES,IC : INSTANT COFFEE,65005 : BRU INSTANT NRT POLY 100G,65005,CL01,GT,202309,201702,202309,224,2234.692165006881,0.0,37,0,1585456.508557668,148753.0,299766.0,156759.998829104,222418.00022125244,244078.99917602536,269394.510331286,47,47.0,708.0,708.0,1,Non Seasonal,Inscope,65005_CL01_GT,Coffee,743967.0,74396.7,31000.67,19,18,17,2.3267075406209944E-4,0.004634552098802328,0.009563687183724882
BEVG : BEVERAGES,IC : INSTANT COFFEE,65005 : BRU INSTANT NRT POLY 100G,65005,CL01,OH,202309,201709,202232,217,194.47120284348435,0.9459459459459459,2,35,11859.43934883903,48.0,72.0,1584.0000621974511,4128.000013530259,2591.999992847443,2659.5759439188205,47,47.0,708.0,708.0,0,Non Seasonal,"More than 70% Intermittent, <=3 consecutive points",65005_CL01_OH,Coffee,743967.0,74396.7,31000.67,19,18,17,2.3267075406209944E-4,0.004634552098802328,0.009563687183724882
BEVG : BEVERAGES,IC : INSTANT COFFEE,65005 : BRU INSTANT NRT POLY 100G,65005,CL02,GT,202309,201702,202309,224,798.3205408625181,0.0,37,0,621488.3793871999,47747.0,98153.0,88986.0,95860.0,89918.0,101354.37938719995,47,47.0,708.0,708.0,1,Non Seasonal,Inscope,65005_CL02_GT,Coffee,743967.0,74396.7,31000.67,19,18,17,2.3267075406209944E-4,0.004634552098802328,0.009563687183724882
BEVG : BEVERAGES,IC : INSTANT COFFEE,65005 : BRU INSTANT NRT POLY 100G,65005,CL03,GT,202309,201702,202309,224,965.1899626782804,0.0,37,0,758804.5352933188,49221.0,102321.0,131971.00114822385,123493.99971961977,117547.99935340884,121559.53507206641,47,47.0,708.0,708.0,1,Non Seasonal,Inscope,65005_CL03_GT,Coffee,743967.0,74396.7,31000.67,19,18,17,2.3267075406209944E-4,0.004634552098802328,0.009563687183724882
BEVG : BEVERAGES,IC : INSTANT COFFEE,65005 : BRU INSTANT NRT POLY 100G,65005,CL03,OH,202309,201731,202212,195,7.272906117151442,0.972972972972973,1,36,144.000000834465,0.0,24.0,96.000000834465,0.0,0.0,0.0,47,47.0,708.0,708.0,0,Non Seasonal,"Last 6 Months 0, Consecutive <=3",65005_CL03_OH,Coffee,743967.0,74396.7,31000.67,19,18,17,2.3267075406209944E-4,0.004634552098802328,0.009563687183724882
BEVG : BEVERAGES,IC : INSTANT COFFEE,65005 : BRU INSTANT NRT POLY 100G,65005,CL04,GT,202309,201702,202309,224,146.6423942314127,0.0,37,0,49382.90369173752,3131.0,6714.0,8744.99996006489,7566.999964416029,6578.999980688094,8250.90378656851,47,47.0,708.0,708.0,1,Non Seasonal,Inscope,65005_CL04_GT,Coffee,743967.0,74396.7,31000.67,19,18,17,2.3267075406209944E-4,0.004634552098802328,0.009563687183724882
BEVG : BEVERAGES,IC : INSTANT COFFEE,65005 : BRU INSTANT NRT POLY 100G,65005,CL04,OH,202309,201822,201930,168,111.46582254032747,1.0,0,37,1607.9999977350235,0.0,0.0,0.0,167.9999977350235,1440.0,0.0,47,47.0,708.0,708.0,0,Non Seasonal,Last 12 Months 0 Sales,65005_CL04_OH,Coffee,743967.0,74396.7,31000.67,19,18,17,2.3267075406209944E-4,0.004634552098802328,0.009563687183724882
BEVG : BEVERAGES,IC : INSTANT COFFEE,65005 : BRU INSTANT NRT POLY 100G,65005,CL05,GT,202309,201702,202309,224,493.42835979446784,0.02702702702702703,36,1,212030.82580771256,22005.0,43626.0,20944.99986618758,22702.999979257584,25643.000153541565,35856.82580872582,47,47.0,708.0,708.0,1,Non Seasonal,Inscope,65005_CL05_GT,Coffee,743967.0,74396.7,31000.67,19,18,17,2.3267075406209944E-4,0.004634552098802328,0.009563687183724882
BEVG : BEVERAGES,IC : INSTANT COFFEE,65005 : BRU INSTANT NRT POLY 100G,65005,CL05,OH,202309,201702,202217,224,156.35757367320855,0.9459459459459459,2,35,12570.193097735555,0.0,96.0,2928.0000030994415,1439.999967813492,5807.999992847443,2202.1931339751773,47,47.0,708.0,708.0,0,Non Seasonal,"Last 6 Months 0, Consecutive <=3",65005_CL05_OH,Coffee,743967.0,74396.7,31000.67,19,18,17,2.3267075406209944E-4,0.004634552098802328,0.009563687183724882
BEVG : BEVERAGES,IC : INSTANT COFFEE,65005 : BRU INSTANT NRT POLY 100G,65005,CL06,GT,202309,201702,202309,224,136.65146247270286,0.0,37,0,83349.20746537118,6534.0,12469.0,12988.000035285948,15998.999878764153,11940.999897003174,12402.207654317896,47,47.0,708.0,708.0,1,Non Seasonal,Inscope,65005_CL06_GT,Coffee,743967.0,74396.7,31000.67,19,18,17,2.3267075406209944E-4,0.004634552098802328,0.009563687183724882
BEVG : BEVERAGES,IC : INSTANT COFFEE,65005 : BRU INSTANT NRT POLY 100G,65005,CL07,GT,202309,201702,202309,224,241.6612378340536,0.0,37,0,114563.2079894566,7809.0,15358.0,20114.00005966426,21432.999968528744,15752.99987232685,16863.76433136458,47,47.0,708.0,708.0,1,Non Seasonal,Inscope,65005_CL07_GT,Coffee,743967.0,74396.7,31000.67,19,18,17,2.3267075406209944E-4,0.004634552098802328,0.009563687183724882
BEVG : BEVERAGES,IC : INSTANT COFFEE,65005 : BRU INSTANT NRT POLY 100G,65005,CL07,OH,202309,201705,202019,221,89.98373832120991,1.0,0,37,1868.171269975624,0.0,0.0,72.0000006258489,1200.00004768372,0.0,596.171221666055,47,47.0,708.0,708.0,0,Non Seasonal,Last 12 Months 0 Sales,65005_CL07_OH,Coffee,743967.0,74396.7,31000.67,19,18,17,2.3267075406209944E-4,0.004634552098802328,0.009563687183724882
BEVG : BEVERAGES,IC : INSTANT COFFEE,65005 : BRU INSTANT NRT POLY 100G,65005,CL08,GT,202309,201702,202309,224,72.67195527253472,0.08108108108108109,34,3,22094.763617491917,1429.0,3230.0,5334.9999776110035,2458.999989088625,2441.999985575677,3426.5243519237115,47,47.0,708.0,708.0,1,Non Seasonal,Inscope,65005_CL08_GT,Coffee,743967.0,74396.7,31000.67,19,18,17,2.3267075406209944E-4,0.004634552098802328,0.009563687183724882
BEVG : BEVERAGES,IC : INSTANT COFFEE,65005 : BRU INSTANT NRT POLY 100G,65005,CL08,OH,202309,202215,202217,31,9.509248469338303,0.9354838709677419,2,29,72.0,0.0,72.0,0.0,0.0,0.0,0.0,47,47.0,708.0,708.0,1,Non Seasonal,"Last 6 Months 0, Consecutive <=3",65005_CL08_OH,Coffee,743967.0,74396.7,31000.67,19,18,17,2.3267075406209944E-4,0.004634552098802328,0.009563687183724882
BEVG : BEVERAGES,IC : INSTANT COFFEE,65005 : BRU INSTANT NRT POLY 100G,65005,CL09,GT,202309,201702,202302,224,66.1345426073036,0.6216216216216216,14,23,11989.510300653048,238.0,1217.0,2534.9999777972685,1603.9999881759281,1750.000004932284,1446.5103297475675,47,47.0,708.0,708.0,1,Non Seasonal,Inscope,65005_CL09_GT,Coffee,743967.0,74396.7,31000.67,19,18,17,2.3267075406209944E-4,0.004634552098802328,0.009563687183724882
BEVG : BEVERAGES,IC : INSTANT COFFEE,65005 : BRU INSTANT NRT POLY 100G,65005,CL09,OH,202309,201710,202021,216,4.900666109308645,1.0,0,37,179.33333489216062,0.0,0.0,96.0000008344651,72.0000006258489,0.0,11.3333334318466,47,47.0,708.0,708.0,0,Non Seasonal,Last 12 Months 0 Sales,65005_CL09_OH,Coffee,743967.0,74396.7,31000.67,19,18,17,2.3267075406209944E-4,0.004634552098802328,0.009563687183724882
BEVG : BEVERAGES,IC : INSTANT COFFEE,65005 : BRU INSTANT NRT POLY 100G,65005,CL10,GT,202309,201702,202309,224,96.76827670094467,0.13513513513513514,32,5,24666.251431490247,2307.0,3898.0,6074.000019580127,5449.999937787653,3767.0000091344127,2143.2514649880573,47,47.0,708.0,708.0,1,Non Seasonal,Inscope,65005_CL10_GT,Coffee,743967.0,74396.7,31000.67,19,18,17,2.3267075406209944E-4,0.004634552098802328,0.009563687183724882
BEVG : BEVERAGES,IC : INSTANT COFFEE,65005 : BRU INSTANT NRT POLY 100G,65005,CL10,OH,202309,201810,201810,180,1.788854397549172,1.0,0,37,24.0000002086163,0.0,0.0,0.0,24.0000002086163,0.0,0.0,47,47.0,708.0,708.0,0,Non Seasonal,Last 12 Months 0 Sales,65005_CL10_OH,Coffee,743967.0,74396.7,31000.67,19,18,17,2.3267075406209944E-4,0.004634552098802328,0.009563687183724882
BEVG : BEVERAGES,IC : INSTANT COFFEE,65005 : BRU INSTANT NRT POLY 100G,65005,CL11,GT,202309,201703,202229,223,79.85434667905268,0.5945945945945946,15,22,17608.963518939614,119.0,2338.0,2874.9999776482578,2347.9999946430316,2403.999983042478,1679.609869558106,47,47.0,708.0,708.0,1,Non Seasonal,Inscope,65005_CL11_GT,Coffee,743967.0,74396.7,31000.67,19,18,17,2.3267075406209944E-4,0.004634552098802328,0.009563687183724882
BEVG : BEVERAGES,IC : INSTANT COFFEE,65005 : BRU INSTANT NRT POLY 100G,65005,CL12,GT,202309,201702,202234,224,61.97054173945761,0.8648648648648649,5,32,10749.819848752055,48.0,264.0,3565.9999642521116,1449.0000028163195,1487.0000016987324,1264.7159391953066,47,47.0,708.0,708.0,0,Non Seasonal,"More than 70% Intermittent, <=3 consecutive points",65005_CL12_GT,Coffee,743967.0,74396.7,31000.67,19,18,17,2.3267075406209944E-4,0.004634552098802328,0.009563687183724882
BEVG : BEVERAGES,IC : INSTANT COFFEE,65005 : BRU INSTANT NRT POLY 100G,65005,CL13,GT,202309,201702,202205,224,26.972963064882173,1.0,0,37,1308.6859837793652,0.0,0.0,327.000003308058,24.0000002086163,71.0,283.7332058188483,47,47.0,708.0,708.0,0,Non Seasonal,Last 12 Months 0 Sales,65005_CL13_GT,Coffee,743967.0,74396.7,31000.67,19,18,17,2.3267075406209944E-4,0.004634552098802328,0.009563687183724882
BEVG : BEVERAGES,IC : INSTANT COFFEE,65005 : BRU INSTANT NRT POLY 100G,65005,CL14,GT,202309,201702,202308,224,76.23681075824366,0.32432432432432434,25,12,16971.539883361358,788.0,1567.0,3926.999987917954,2824.999969452621,2312.999974437059,1828.539951553724,47,47.0,708.0,708.0,1,Non Seasonal,Inscope,65005_CL14_GT,Coffee,743967.0,74396.7,31000.67,19,18,17,2.3267075406209944E-4,0.004634552098802328,0.009563687183724882
BEVG : BEVERAGES,IC : INSTANT COFFEE,65005 : BRU INSTANT NRT POLY 100G,65005,CL14,OH,202309,202121,202218,61,15.61840024552797,0.972972972972973,1,36,144.0,0.0,24.0,0.0,0.0,0.0,0.0,47,47.0,708.0,708.0,0,Non Seasonal,"Last 6 Months 0, Consecutive <=3",65005_CL14_OH,Coffee,743967.0,74396.7,31000.67,19,18,17,2.3267075406209944E-4,0.004634552098802328,0.009563687183724882
BEVG : BEVERAGES,IC : INSTANT COFFEE,65005 : BRU INSTANT NRT POLY 100G,65005,CL15,GT,202309,201702,202309,224,1334.8696288082415,0.0,37,0,674668.8789464538,68026.0,152710.0,56612.0,80328.0,87932.0,105139.87894645387,47,47.0,708.0,708.0,1,Non Seasonal,Inscope,65005_CL15_GT,Coffee,743967.0,74396.7,31000.67,19,18,17,2.3267075406209944E-4,0.004634552098802328,0.009563687183724882
BEVG : BEVERAGES,IC : INSTANT COFFEE,65005 : BRU INSTANT NRT POLY 100G,65005,CL15,OH,202309,202207,202236,39,6.478866297588204,0.9459459459459459,2,35,72.0,24.0,48.0,0.0,0.0,0.0,0.0,47,47.0,708.0,708.0,0,Non Seasonal,"More than 70% Intermittent, <=3 consecutive points",65005_CL15_OH,Coffee,743967.0,74396.7,31000.67,19,18,17,2.3267075406209944E-4,0.004634552098802328,0.009563687183724882
BEVG : BEVERAGES,IC : INSTANT COFFEE,65052 : BRU INSTANT NORMAL (D) POLY 1KG,65052,CL04,OH,202309,201702,202113,224,517.3221492248044,1.0,0,37,38843.29609949723,0.0,0.0,9488.00003528595,12015.999794006362,8999.999897003181,5644.04967536217,47,47.0,708.0,708.0,0,Non Seasonal,Last 12 Months 0 Sales,65052_CL04_OH,Coffee,0.0,0.0,0.0,36,36,36,0.0,0.0,0.0
BEVG : BEVERAGES,IC : INSTANT COFFEE,65057 : BRU INSTANT NRT GJ 50G,65057,CL01,GT,202309,201702,202116,224,10087.95663751477,1.0,0,37,2569012.363421392,0.0,0.0,594276.0022394361,720157.0014953616,757649.9987945555,482426.8767881172,47,47.0,708.0,708.0,0,Non Seasonal,DELISTED,65057_CL01_GT,Coffee,0.0,0.0,0.0,37,37,37,0.0,0.0,0.0
BEVG : BEVERAGES,IC : INSTANT COFFEE,65057 : BRU INSTANT NRT GJ 50G,65057,CL01,OH,202309,201713,201905,213,58.073456661547816,1.0,0,37,1344.0000265836711,0.0,0.0,1104.0000319480891,0.0,239.999994635582,0.0,47,47.0,708.0,708.0,0,Non Seasonal,DELISTED,65057_CL01_OH,Coffee,0.0,0.0,0.0,37,37,37,0.0,0.0,0.0
BEVG : BEVERAGES,IC : INSTANT COFFEE,65057 : BRU INSTANT NRT GJ 50G,65057,CL02,GT,202309,201702,202114,224,4242.026041971234,1.0,0,37,1033135.6667717128,0.0,0.0,255304.0,277561.0,294973.0,204296.17648158583,47,47.0,708.0,708.0,0,Non Seasonal,DELISTED,65057_CL02_GT,Coffee,0.0,0.0,0.0,37,37,37,0.0,0.0,0.0
BEVG : BEVERAGES,IC : INSTANT COFFEE,65057 : BRU INSTANT NRT GJ 50G,65057,CL03,GT,202309,201702,202105,224,6026.596660758063,1.0,0,37,1500397.4802070495,0.0,0.0,348388.9986276628,397835.00194549543,448022.0016136167,306148.47802027385,47,47.0,708.0,708.0,0,Non Seasonal,DELISTED,65057_CL03_GT,Coffee,0.0,0.0,0.0,37,37,37,0.0,0.0,0.0
BEVG : BEVERAGES,IC : INSTANT COFFEE,65057 : BRU INSTANT NRT GJ 50G,65057,CL03,OH,202309,201809,201906,181,5.031612814193233,1.0,0,37,96.000000834465,0.0,0.0,0.0,48.0000004172325,48.0000004172325,0.0,47,47.0,708.0,708.0,0,Non Seasonal,DELISTED,65057_CL03_OH,Coffee,0.0,0.0,0.0,37,37,37,0.0,0.0,0.0
BEVG : BEVERAGES,IC : INSTANT COFFEE,65057 : BRU INSTANT NRT GJ 50G,65057,CL04,GT,202309,201702,202027,224,45.78566012704007,1.0,0,37,3081.891382590267,0.0,0.0,1896.9999961554997,346.00000455975515,560.9999993443486,277.891382530664,47,47.0,708.0,708.0,0,Non Seasonal,DELISTED,65057_CL04_GT,Coffee,0.0,0.0,0.0,37,37,37,0.0,0.0,0.0
BEVG : BEVERAGES,IC : INSTANT COFFEE,65057 : BRU INSTANT NRT GJ 50G,65057,CL05,GT,202309,201702,202027,224,235.53264402708996,1.0,0,37,29046.698727749368,0.0,0.0,14465.000033378608,4855.999905616046,4722.999990701675,5002.698798053035,47,47.0,708.0,708.0,0,Non Seasonal,DELISTED,65057_CL05_GT,Coffee,0.0,0.0,0.0,37,37,37,0.0,0.0,0.0
BEVG : BEVERAGES,IC : INSTANT COFFEE,65057 : BRU INSTANT NRT GJ 50G,65057,CL05,OH,202309,201728,202027,198,34.756261529772615,1.0,0,37,669.3333213527992,0.0,0.0,96.000000834465,479.999989271164,0.0,93.33333124717085,47,47.0,708.0,708.0,0,Non Seasonal,DELISTED,65057_CL05_OH,Coffee,0.0,0.0,0.0,37,37,37,0.0,0.0,0.0
BEVG : BEVERAGES,IC : INSTANT COFFEE,65057 : BRU INSTANT NRT GJ 50G,65057,CL06,GT,202309,201702,202027,224,545.5630132819887,1.0,0,37,71110.72960170443,0.0,0.0,31604.00007665157,5069.999918341636,16070.999977767467,18365.729628943773,47,47.0,708.0,708.0,0,Non Seasonal,DELISTED,65057_CL06_GT,Coffee,0.0,0.0,0.0,37,37,37,0.0,0.0,0.0
BEVG : BEVERAGES,IC : INSTANT COFFEE,65057 : BRU INSTANT NRT GJ 50G,65057,CL07,GT,202309,201728,202026,198,34.18780118147666,1.0,0,37,1413.7003103042484,0.0,0.0,469.999998807907,39.0000008046627,514.999994635582,389.7003160560967,47,47.0,708.0,708.0,0,Non Seasonal,DELISTED,65057_CL07_GT,Coffee,0.0,0.0,0.0,37,37,37,0.0,0.0,0.0
BEVG : BEVERAGES,IC : INSTANT COFFEE,65057 : BRU INSTANT NRT GJ 50G,65057,CL07,OH,202309,201730,201730,196,17.142856759684424,1.0,0,37,239.999994635582,0.0,0.0,239.999994635582,0.0,0.0,0.0,47,47.0,708.0,708.0,0,Non Seasonal,DELISTED,65057_CL07_OH,Coffee,0.0,0.0,0.0,37,37,37,0.0,0.0,0.0
BEVG : BEVERAGES,IC : INSTANT COFFEE,65057 : BRU INSTANT NRT GJ 50G,65057,CL08,GT,202309,201716,202027,210,44.074845916374,1.0,0,37,3227.012539006826,0.0,0.0,346.9999954104424,781.0000032186507,1462.999996304512,636.012544073221,47,47.0,708.0,708.0,0,Non Seasonal,DELISTED,65057_CL08_GT,Coffee,0.0,0.0,0.0,37,37,37,0.0,0.0,0.0
BEVG : BEVERAGES,IC : INSTANT COFFEE,65057 : BRU INSTANT NRT GJ 50G,65057,CL09,GT,202309,201705,202027,221,18.264128509542182,1.0,0,37,548.8570696182637,0.0,0.0,293.999999761582,239.999994635582,0.0,14.857075221099706,47,47.0,708.0,708.0,0,Non Seasonal,DELISTED,65057_CL09_GT,Coffee,0.0,0.0,0.0,37,37,37,0.0,0.0,0.0
